block_id,x,y,z,tonnage_kt,ore_grade_pct,waste_ratio,mining_cost_t,processing_cost_t,revenue_per_t,slope_constraint,period_available,ghg_kg_co2_per_t,stripping_ratio,npv_per_t
B0000,800,750,-100,573.5,0.668,3.21,4.38,12.13,90.12,3,8,26.02,2.32,73.61
B0001,850,550,-50,534.9,0.751,1.65,2.95,11.27,82.96,1,4,31.26,1.04,68.74
B0002,850,250,-40,362.6,0.771,2.58,4.39,12.27,112.22,1,2,28.57,1.35,95.56
B0003,450,300,-90,420.9,0.763,0.7,3.37,14.59,123.39,2,8,25.26,2.42,105.43
B0004,150,550,-80,474.7,0.875,3.21,4.83,10.49,93.26,2,5,29.41,3.18,77.94
B0005,950,900,-90,515.7,1.057,2.16,3.24,16.31,93.54,2,8,34.41,1.58,73.99
B0006,800,200,-50,539.7,0.633,1.9,5.19,18.0,89.09,3,4,15.0,2.23,65.9
B0007,50,150,-100,546.4,0.843,2.5,3.9,13.32,86.69,2,4,29.25,2.69,69.47
B0008,850,650,-40,544.2,0.731,2.37,3.78,14.11,98.24,2,5,22.52,2.99,80.35
B0009,500,450,-10,576.0,0.722,2.08,5.05,11.1,87.64,3,1,21.52,2.7,71.49
B0010,0,300,-90,496.4,0.967,2.12,4.5,12.01,108.85,3,10,18.16,2.58,92.34
B0011,750,200,-60,469.8,1.011,2.42,4.84,12.45,82.31,1,3,29.39,2.17,65.02
B0012,200,100,-100,464.1,0.66,2.52,4.2,13.59,93.55,3,8,30.2,1.33,75.76
B0013,250,950,-10,423.9,0.854,3.45,4.38,11.98,78.51,2,4,33.75,2.87,62.15
B0014,600,50,-10,633.5,0.735,4.13,4.62,14.4,104.75,1,1,25.9,2.63,85.73
B0015,500,100,-40,533.0,0.699,3.01,4.08,14.81,72.13,2,6,36.34,3.06,53.24
B0016,650,200,-60,442.8,0.916,2.6,5.23,11.97,89.57,1,6,28.71,3.87,72.37
B0017,300,700,-60,407.3,0.962,1.3,3.49,10.55,83.21,3,2,23.47,2.45,69.17
B0018,400,0,-30,516.4,1.037,2.15,4.11,14.42,86.81,1,8,28.79,1.68,68.28
B0019,400,750,-30,545.8,1.06,1.37,4.97,12.77,64.37,2,4,19.51,2.65,46.63
B0020,800,950,-30,544.2,0.983,1.45,3.15,12.18,96.54,3,8,29.23,3.25,81.21
B0021,250,700,-80,565.6,0.668,3.01,3.91,10.39,50.05,3,8,26.29,2.26,35.75
B0022,300,100,-30,510.0,1.157,2.22,3.0,12.28,85.32,2,3,36.32,2.3,70.04
B0023,450,400,-60,557.9,0.624,3.02,3.96,11.64,61.4,2,5,22.93,3.39,45.8
B0024,200,150,-100,492.8,0.978,2.89,4.16,8.73,79.62,2,8,15.0,4.07,66.73
B0025,50,600,-70,536.4,0.874,2.32,3.55,13.09,77.64,2,1,24.35,2.27,61.0
B0026,350,450,-60,452.3,1.034,1.7,4.18,13.48,79.51,2,10,26.28,1.82,61.85
B0027,0,650,-30,445.6,1.038,2.26,3.58,11.8,115.27,3,4,16.16,2.4,99.89
B0028,600,700,-10,368.8,0.665,1.01,4.45,12.34,96.5,3,3,21.34,3.18,79.71
B0029,550,600,-90,478.0,0.857,1.83,4.44,15.01,84.92,1,6,30.72,3.54,65.47
B0030,150,50,-50,478.4,0.752,4.45,4.53,12.53,88.96,1,10,27.39,2.95,71.9
B0031,450,850,-70,421.9,0.485,2.42,4.14,12.84,63.19,2,8,37.17,2.05,46.21
B0032,250,500,-80,535.7,0.697,3.47,3.67,12.35,47.6,1,9,25.27,2.04,31.58
B0033,700,400,-20,506.2,0.728,1.71,3.46,14.85,106.5,1,7,39.63,3.07,88.19
B0034,700,400,-60,604.9,1.047,3.18,4.33,14.01,88.75,2,3,25.59,2.24,70.41
B0035,900,700,-90,546.2,0.828,2.1,3.29,14.76,103.49,1,5,23.29,2.2,85.44
B0036,50,600,-80,421.5,1.077,2.52,5.0,13.18,89.3,3,5,22.91,0.89,71.12
B0037,350,850,-20,624.0,0.997,1.68,4.28,13.8,88.82,3,1,19.44,2.44,70.74
B0038,250,0,-30,451.8,0.881,3.1,3.3,10.27,83.57,3,2,33.76,2.7,70.0
B0039,500,800,-50,431.2,0.746,2.68,3.88,12.01,108.96,2,7,22.04,4.13,93.07
B0040,350,550,-30,652.7,0.76,3.26,4.48,13.18,76.85,3,4,36.28,1.61,59.19
B0041,300,900,-100,540.3,0.714,2.77,4.82,14.77,94.65,3,3,31.49,3.04,75.06
B0042,900,0,-90,460.1,1.065,4.06,4.34,14.27,88.43,1,4,30.09,3.26,69.82
B0043,650,150,-50,581.3,0.66,2.68,3.5,11.58,104.44,1,7,29.99,2.68,89.36
B0044,950,900,-60,556.1,0.789,2.68,4.92,11.47,115.86,3,4,29.57,3.88,99.47
B0045,850,300,-100,607.2,0.788,2.93,4.12,11.31,60.73,2,9,23.34,3.11,45.3
B0046,350,500,-70,409.3,1.227,4.53,4.99,9.2,70.16,1,7,30.49,3.01,55.97
B0047,250,750,-30,451.6,1.025,2.12,4.47,12.71,99.43,2,2,24.32,2.06,82.25
B0048,650,650,-20,468.0,0.787,1.59,4.43,11.55,87.08,1,10,29.43,2.75,71.1
B0049,200,900,-100,578.0,0.676,2.32,4.18,11.42,92.5,1,4,28.83,1.74,76.9
B0050,300,200,-90,436.6,0.666,2.14,4.45,14.73,74.88,2,4,27.28,1.75,55.7
B0051,950,550,-80,355.8,1.046,3.65,4.97,11.51,85.24,1,3,27.98,2.83,68.76
B0052,150,600,-40,318.3,0.738,2.72,3.86,10.87,58.22,3,1,27.41,3.13,43.49
B0053,500,500,-60,448.6,0.765,2.05,4.79,14.04,70.87,3,9,29.11,2.58,52.04
B0054,50,0,-90,538.0,0.947,2.2,4.16,15.04,107.15,3,5,31.16,3.23,87.95
B0055,650,100,-80,500.5,0.81,2.7,4.41,12.0,73.22,3,9,18.22,2.01,56.81
B0056,350,850,-30,530.4,0.705,1.54,4.94,11.41,102.93,3,8,26.13,3.6,86.58
B0057,300,0,-70,535.7,0.85,0.5,3.87,11.89,76.45,2,10,23.83,3.41,60.69
B0058,950,200,-10,437.3,0.977,3.07,4.98,13.89,85.34,3,7,34.03,3.33,66.47
B0059,900,0,-20,492.7,0.662,2.0,4.58,11.59,88.56,1,1,31.0,1.86,72.39
B0060,800,50,-50,567.5,0.703,4.5,4.56,12.72,71.84,3,4,22.38,2.81,54.56
B0061,600,0,-30,520.3,1.063,3.35,4.94,10.45,96.09,2,4,40.08,4.28,80.7
B0062,200,350,-10,442.2,0.831,1.47,4.49,18.0,111.59,1,4,21.96,0.94,89.1
B0063,100,600,-50,489.9,0.686,1.93,4.64,11.43,95.95,1,8,24.47,2.42,79.88
B0064,500,0,-90,436.9,0.663,2.62,5.1,12.96,66.88,2,6,27.52,3.0,48.82
B0065,650,300,-10,539.1,1.037,3.62,4.47,13.11,89.56,1,1,19.31,1.94,71.98
B0066,550,100,-30,531.1,0.704,2.15,2.5,13.7,104.63,2,4,29.69,2.11,88.43
B0067,400,900,-40,570.5,1.016,1.29,3.87,10.3,75.74,2,10,27.36,2.15,61.57
B0068,650,50,-70,501.3,0.901,4.03,4.76,12.71,88.28,1,7,28.76,1.82,70.81
B0069,450,50,-50,346.2,0.73,4.05,3.94,12.75,72.35,2,9,21.96,2.95,55.66
B0070,200,250,-20,579.7,0.751,1.51,3.58,10.06,75.4,2,2,29.82,1.44,61.76
B0071,700,100,-100,479.2,0.721,2.67,3.7,11.79,80.59,3,2,28.78,1.65,65.1
B0072,850,450,-20,526.0,0.834,0.91,4.59,9.21,87.86,1,5,24.17,1.93,74.06
B0073,750,150,-10,493.4,1.031,3.07,3.51,10.31,104.25,3,5,22.72,3.71,90.43
B0074,250,50,-70,502.5,0.884,4.0,4.41,9.48,80.62,2,7,26.32,3.72,66.73
B0075,900,300,-100,512.8,0.628,3.11,4.03,12.08,81.18,1,4,24.07,2.63,65.07
B0076,450,950,-30,349.8,1.054,2.15,4.79,12.65,102.92,1,4,26.55,3.93,85.48
B0077,100,0,-30,472.3,1.212,2.25,4.6,12.19,81.11,1,2,33.84,2.46,64.32
B0078,750,400,-20,533.8,0.639,3.78,4.34,14.0,96.38,1,2,27.94,3.87,78.04
B0079,800,0,-10,516.6,0.51,3.19,3.86,13.75,70.49,1,4,28.29,2.93,52.88
B0080,150,0,-100,471.7,0.826,2.19,4.16,13.31,84.72,3,2,24.41,2.69,67.25
B0081,400,300,-90,459.4,0.824,2.95,3.63,12.09,107.36,3,2,35.79,1.93,91.64
B0082,150,400,-50,482.3,0.947,2.43,3.88,14.53,61.59,3,10,24.65,2.51,43.18
B0083,200,750,-60,488.7,0.843,2.09,4.89,10.65,83.92,2,4,25.27,2.15,68.38
B0084,150,850,-80,606.4,0.721,3.99,3.56,11.02,66.82,1,3,30.37,1.73,52.24
B0085,150,900,-80,452.9,0.666,2.45,3.31,11.52,92.65,1,10,22.71,1.86,77.82
B0086,750,650,-20,661.8,0.816,2.7,4.03,12.35,94.23,3,4,29.02,2.69,77.85
B0087,550,650,-100,508.5,0.999,3.56,4.16,15.56,62.27,2,10,24.86,1.65,42.55
B0088,250,200,-70,583.8,0.724,3.35,3.9,13.96,80.7,3,7,36.88,3.08,62.84
B0089,900,250,-40,557.5,0.92,2.86,3.99,10.35,58.57,1,3,23.39,2.17,44.23
B0090,250,900,-60,511.2,0.721,2.02,3.84,15.75,86.78,2,1,25.38,2.41,67.19
B0091,650,250,-20,515.5,0.696,2.41,4.9,10.15,93.45,3,4,25.59,3.05,78.4
B0092,400,200,-10,569.7,0.986,2.56,4.98,12.39,97.49,3,7,28.84,1.29,80.12
B0093,100,500,-30,618.1,1.039,2.41,3.22,14.33,100.43,2,2,28.94,0.5,82.88
B0094,500,300,-100,445.9,0.856,2.87,4.58,12.97,93.46,2,10,23.06,1.77,75.91
B0095,300,450,-30,427.4,0.642,2.2,2.5,11.72,70.6,2,10,26.84,3.21,56.38
B0096,500,850,-10,488.1,0.705,1.82,4.9,13.68,92.01,1,2,28.99,3.03,73.43
B0097,850,350,-10,479.1,0.557,1.8,4.3,15.2,94.85,3,6,32.7,1.44,75.35
B0098,900,0,-60,548.4,0.91,3.19,4.03,12.7,91.6,2,5,24.41,1.9,74.87
B0099,850,700,-50,504.7,0.783,3.71,3.36,12.28,72.07,1,4,17.82,2.58,56.43
B0100,700,500,-100,487.2,0.82,2.68,4.58,14.06,94.55,2,6,28.9,2.27,75.91
B0101,900,850,-60,416.2,0.941,2.34,3.25,10.19,118.14,1,9,24.02,2.94,104.7
B0102,750,100,-70,561.8,0.664,2.74,5.06,10.43,115.33,1,4,32.3,2.88,99.84
B0103,300,900,-20,552.8,0.944,1.06,4.37,12.89,103.14,2,5,22.31,3.72,85.88
B0104,450,600,-70,461.0,1.044,2.11,4.47,13.71,77.02,2,9,24.01,3.38,58.84
B0105,900,900,-50,462.5,0.591,3.42,3.93,8.42,69.8,1,1,32.89,2.68,57.45
B0106,500,500,-10,560.7,0.934,2.98,4.72,13.2,74.21,1,10,18.17,2.63,56.29
B0107,200,200,-80,516.2,0.868,2.17,3.05,12.7,87.88,2,3,24.29,3.31,72.13
B0108,250,600,-20,462.8,0.935,2.67,4.12,13.06,100.06,1,1,30.32,4.05,82.88
B0109,350,100,-30,598.0,0.905,2.02,3.27,12.2,97.89,3,5,15.0,1.58,82.42
B0110,400,950,-20,401.4,0.72,2.9,4.5,8.89,78.35,1,5,19.91,2.33,64.96
B0111,550,800,-10,563.7,0.962,3.15,3.65,12.18,74.04,3,3,26.72,1.71,58.21
B0112,250,100,-50,693.9,0.724,2.9,4.27,15.42,74.35,1,5,25.36,3.45,54.66
B0113,500,150,-30,345.6,0.922,2.39,3.89,13.83,75.13,3,1,22.85,3.08,57.41
B0114,50,0,-100,402.6,1.077,2.83,4.5,10.54,104.78,3,2,25.26,1.85,89.74
B0115,50,300,-100,634.6,0.615,1.93,4.4,14.03,74.64,1,2,34.72,2.94,56.21
B0116,950,950,-10,507.2,0.69,3.12,3.88,14.42,98.33,3,10,33.09,1.88,80.03
B0117,100,650,-70,517.5,0.675,3.7,4.28,10.95,49.3,1,1,25.98,2.67,34.07
B0118,300,500,-100,549.8,0.872,3.01,3.6,11.35,89.24,2,6,23.11,3.69,74.29
B0119,550,900,-40,377.3,0.947,2.48,5.59,8.45,71.01,1,7,39.6,2.96,56.97
B0120,150,600,-70,576.1,0.775,0.87,4.45,10.95,41.08,1,2,32.72,3.61,25.68
B0121,900,350,-100,414.3,0.696,2.17,4.17,11.19,61.9,2,1,38.15,3.67,46.54
B0122,850,200,-100,566.6,1.057,3.64,2.77,13.51,82.56,3,5,17.39,1.72,66.28
B0123,150,850,-50,338.1,0.984,2.56,4.54,13.31,96.17,1,9,22.12,3.95,78.32
B0124,700,650,-50,538.0,0.519,2.17,3.1,13.33,95.86,1,7,27.58,1.69,79.43
B0125,200,800,-50,514.0,0.816,1.65,3.96,11.42,107.36,3,5,28.51,0.81,91.98
B0126,150,550,-20,532.5,0.711,3.44,3.92,12.53,74.3,2,5,30.01,2.31,57.85
B0127,400,350,-40,628.3,0.864,2.68,5.31,16.01,88.26,3,9,25.71,1.34,66.94
B0128,750,100,-40,482.3,0.939,3.39,4.37,15.0,102.77,2,10,31.62,2.28,83.4
B0129,800,250,-100,636.5,0.956,0.75,3.53,15.54,105.74,3,6,25.74,2.93,86.67
B0130,400,550,-30,385.5,0.769,3.04,3.47,13.35,97.7,3,10,33.56,4.04,80.88
B0131,650,800,-50,675.1,0.795,1.67,4.42,15.61,102.29,2,6,30.65,1.77,82.26
B0132,700,150,-60,448.2,0.793,2.79,4.76,15.65,87.0,2,3,21.52,1.78,66.59
B0133,600,50,-50,555.8,0.669,2.28,4.14,14.95,83.41,3,3,25.81,2.83,64.32
B0134,100,0,-20,550.9,0.773,2.27,4.05,14.26,69.7,3,9,27.05,2.02,51.39
B0135,400,900,-70,473.3,0.586,2.88,4.22,10.41,71.63,2,9,22.22,2.82,57.0
B0136,50,850,-40,583.7,0.805,2.34,4.94,14.73,88.79,1,5,23.41,4.43,69.12
B0137,900,50,-80,525.6,0.7,1.78,4.5,9.38,62.42,3,10,25.74,0.99,48.54
B0138,850,300,-90,545.0,0.872,2.32,4.2,12.85,102.75,3,6,35.61,2.81,85.7
B0139,850,500,-80,455.4,0.937,2.64,3.78,15.39,86.36,1,7,30.93,1.53,67.19
B0140,800,550,-40,544.8,0.509,2.31,4.71,12.86,106.65,2,9,29.44,1.94,89.08
B0141,400,900,-50,440.8,0.83,2.2,4.6,9.06,80.35,3,7,20.31,2.59,66.69
B0142,150,250,-80,465.2,1.093,1.73,4.95,10.48,81.44,2,5,30.95,2.51,66.01
B0143,500,400,-70,423.5,0.761,3.68,4.75,12.62,75.15,1,8,22.53,2.57,57.78
B0144,250,750,-100,566.9,0.537,2.01,4.46,9.36,71.68,2,9,28.12,2.87,57.86
B0145,700,900,-40,496.2,0.669,3.72,4.34,13.77,83.5,2,3,37.6,1.99,65.39
B0146,150,700,-60,426.3,0.876,3.34,3.75,11.53,94.72,1,3,34.26,3.79,79.44
B0147,150,50,-100,578.3,0.924,3.66,4.44,13.78,79.88,3,5,33.19,1.68,61.66
B0148,900,650,-70,338.8,0.707,1.82,3.9,14.07,91.44,2,2,24.01,2.61,73.47
B0149,150,850,-70,442.4,0.855,2.49,3.26,11.33,70.57,3,8,24.92,3.38,55.98
B0150,150,200,-40,468.9,0.995,2.48,5.34,17.62,61.7,1,10,28.08,1.78,38.74
B0151,700,250,-50,449.1,0.82,2.77,3.64,11.21,98.91,1,5,28.63,2.18,84.06
B0152,150,950,-10,581.5,0.917,2.41,3.71,12.32,108.07,3,5,29.34,2.38,92.04
B0153,700,250,-10,582.7,0.885,2.23,4.29,13.44,93.8,1,6,21.78,2.25,76.07
B0154,650,950,-70,551.6,0.844,2.51,4.32,15.15,62.44,3,8,32.55,2.09,42.97
B0155,700,550,-60,397.1,0.527,2.08,4.31,13.02,81.77,2,8,30.73,2.92,64.44
B0156,500,200,-90,461.9,0.859,2.11,3.96,11.69,74.58,1,8,30.24,2.52,58.93
B0157,400,300,-40,516.7,0.346,3.08,4.51,14.91,85.93,3,1,19.44,2.28,66.51
B0158,550,50,-20,562.7,0.835,2.72,4.89,12.38,67.35,1,1,25.69,1.59,50.08
B0159,850,400,-20,481.6,0.646,0.78,3.67,11.63,102.24,1,10,18.83,0.81,86.94
B0160,650,200,-40,522.9,0.781,3.4,3.48,12.92,80.18,3,1,21.22,3.42,63.78
B0161,100,400,-40,556.7,0.863,3.2,2.9,11.72,95.06,3,8,25.8,2.35,80.44
B0162,950,900,-30,574.5,1.2,2.16,3.94,13.49,94.79,3,10,22.89,1.59,77.36
B0163,250,300,-60,532.0,0.709,2.93,4.25,12.82,81.79,3,4,23.66,3.31,64.72
B0164,100,550,-100,467.4,0.77,1.69,4.41,12.33,63.03,1,3,26.19,0.67,46.29
B0165,50,350,-10,488.6,0.916,2.02,3.86,12.86,107.1,3,2,29.59,4.7,90.38
B0166,500,550,-10,462.8,0.578,2.55,5.02,10.69,113.15,3,10,27.61,3.17,97.44
B0167,550,200,-10,568.6,1.005,1.71,4.69,13.24,75.95,3,9,29.87,1.32,58.02
B0168,750,750,-80,488.7,0.858,3.65,4.31,9.21,66.13,2,4,31.63,1.84,52.61
B0169,600,400,-80,664.4,0.832,1.89,4.02,8.68,106.14,1,8,24.21,2.72,93.44
B0170,750,100,-80,479.9,0.987,3.38,3.5,12.46,81.94,2,1,23.44,2.43,65.98
B0171,900,350,-60,412.3,0.669,0.81,3.71,9.51,70.26,3,1,25.37,3.21,57.04
B0172,50,500,-40,711.4,0.7,2.59,3.72,10.3,67.04,1,6,29.54,3.42,53.02
B0173,400,850,-20,578.9,0.796,3.56,4.35,13.69,98.03,3,9,33.58,1.79,79.99
B0174,150,450,-70,412.1,0.633,1.65,4.39,13.58,80.05,2,1,18.72,2.33,62.08
B0175,500,0,-30,417.2,0.967,2.35,3.26,13.1,96.83,1,5,29.77,2.44,80.47
B0176,450,700,-10,669.7,0.694,1.77,4.47,13.18,79.52,3,9,35.59,0.89,61.87
B0177,300,450,-50,423.5,0.848,2.61,4.4,13.23,64.7,1,8,28.02,2.66,47.07
B0178,200,550,-80,498.1,0.743,2.41,4.43,14.34,80.95,2,8,39.34,1.0,62.18
B0179,750,900,-10,540.4,0.761,1.74,4.16,12.15,61.53,1,9,26.01,3.23,45.22
B0180,300,100,-60,592.3,0.651,3.84,3.9,10.37,83.07,2,7,28.49,1.89,68.8
B0181,800,0,-30,664.8,0.702,2.61,5.03,11.05,72.28,2,9,25.58,2.38,56.2
B0182,500,100,-100,559.5,0.712,4.25,3.51,12.12,71.63,2,8,31.81,2.33,56.0
B0183,350,0,-80,650.0,0.751,1.87,2.96,12.75,99.65,1,6,23.64,1.7,83.94
B0184,50,150,-30,591.8,0.719,2.25,3.7,12.32,83.35,1,5,22.32,2.22,67.33
B0185,350,450,-40,592.8,0.671,1.15,4.88,8.23,52.74,1,3,22.85,2.19,39.63
B0186,750,700,-100,554.6,0.527,0.5,4.29,8.69,81.65,1,3,23.18,2.83,68.67
B0187,200,400,-70,446.7,0.741,3.67,3.65,13.99,102.63,3,7,26.92,0.69,84.99
B0188,350,650,-60,649.1,0.909,1.64,4.55,10.43,104.97,3,1,31.39,2.08,89.99
B0189,50,800,-60,474.3,0.616,2.54,4.29,9.84,91.6,3,10,34.71,4.81,77.47
B0190,950,950,-60,575.0,1.044,1.33,4.26,13.74,72.98,1,6,32.66,2.77,54.98
B0191,600,950,-70,352.2,0.523,3.39,3.54,13.31,86.94,2,5,24.25,2.29,70.09
B0192,550,0,-20,555.5,0.55,2.25,4.62,9.01,92.03,2,1,19.7,2.76,78.4
B0193,100,550,-100,616.7,0.505,2.71,3.74,14.22,112.01,3,5,24.54,2.04,94.05
B0194,100,900,-40,409.2,1.003,2.35,4.99,10.72,70.81,3,3,27.2,3.63,55.1
B0195,50,200,-100,538.5,0.756,3.3,3.37,9.03,76.93,1,6,35.6,2.9,64.53
B0196,650,750,-80,357.4,1.077,3.65,4.38,16.11,84.84,1,1,28.26,1.42,64.35
B0197,650,400,-10,503.7,0.526,2.09,3.47,9.36,72.39,3,9,22.86,2.62,59.56
B0198,100,650,-60,595.2,1.252,3.13,3.37,9.92,80.36,1,2,39.16,2.43,67.07
B0199,350,400,-30,459.0,0.665,2.15,4.47,15.03,76.9,3,8,30.6,3.29,57.4
B0200,500,650,-40,539.4,0.776,3.27,3.65,11.68,104.17,3,6,23.32,1.42,88.84
B0201,700,650,-40,532.9,0.785,1.76,3.94,9.98,87.3,1,3,28.3,2.19,73.38
B0202,800,300,-60,456.9,0.866,2.6,3.55,10.92,87.87,1,2,20.98,1.88,73.4
B0203,700,400,-10,463.1,0.829,2.27,5.1,11.66,83.08,3,9,34.84,1.41,66.32
B0204,450,550,-40,551.6,0.828,3.22,3.85,11.22,72.74,3,2,32.97,1.52,57.67
B0205,300,400,-10,571.1,1.02,1.75,4.67,9.31,103.04,2,4,38.3,2.15,89.06
B0206,750,650,-80,378.4,0.733,2.19,3.77,15.62,91.98,3,2,29.25,3.82,72.59
B0207,750,900,-70,683.0,0.728,2.81,3.22,16.3,89.59,1,5,24.22,2.49,70.07
B0208,850,50,-70,469.8,1.08,2.91,4.17,10.67,100.82,1,2,21.55,2.91,85.98
B0209,0,450,-90,551.3,0.844,1.94,4.7,10.57,78.3,1,1,34.57,2.18,63.03
B0210,700,700,-60,546.7,0.714,3.01,4.08,10.08,109.27,2,3,27.87,1.67,95.11
B0211,300,750,-20,516.0,0.945,4.8,4.02,14.55,79.57,2,4,18.41,2.3,61.0
B0212,350,700,-90,464.2,0.788,2.5,4.32,11.59,100.51,1,5,24.46,2.42,84.6
B0213,600,200,-100,461.7,1.152,1.19,4.62,9.3,68.28,3,4,30.85,3.66,54.36
B0214,0,200,-10,472.0,0.649,2.59,4.31,9.15,84.14,3,2,24.73,3.1,70.68
B0215,150,50,-30,454.2,0.876,3.08,3.67,11.94,100.94,3,2,21.08,2.65,85.33
B0216,100,450,-60,351.6,0.636,2.25,3.76,15.3,89.51,3,2,30.57,1.21,70.45
B0217,550,150,-70,559.9,0.788,2.83,4.53,11.56,107.09,1,6,36.46,2.9,91.0
B0218,800,0,-80,436.3,0.69,2.04,3.68,11.09,78.38,2,10,29.68,3.23,63.61
B0219,900,550,-40,722.5,0.821,3.18,4.03,9.88,93.79,3,3,27.85,2.18,79.88
B0220,850,0,-40,550.2,0.749,2.85,4.73,11.67,68.05,1,3,40.35,2.97,51.65
B0221,0,950,-20,503.4,0.672,2.88,4.3,11.54,94.28,1,6,23.88,3.12,78.44
B0222,250,400,-70,550.2,0.637,3.08,4.13,12.81,83.69,3,1,26.93,2.3,66.75
B0223,250,400,-80,413.8,0.825,2.48,3.43,11.88,66.87,3,6,26.04,2.26,51.56
B0224,700,750,-50,659.6,0.754,2.58,3.26,12.82,86.68,3,5,23.13,1.66,70.6
B0225,850,0,-50,477.7,0.933,3.24,4.44,12.38,107.18,2,3,24.36,3.27,90.36
B0226,500,900,-60,615.7,0.626,2.97,4.24,8.36,84.23,3,9,27.24,3.31,71.63
B0227,450,0,-90,544.3,0.866,2.47,3.4,12.18,90.46,3,8,18.57,3.38,74.88
B0228,300,200,-90,649.2,0.87,2.11,4.79,12.65,87.03,1,3,29.93,2.64,69.59
B0229,650,900,-60,525.0,1.123,1.12,3.47,14.21,85.2,2,5,32.75,2.52,67.52
B0230,750,400,-80,438.5,0.854,2.69,3.75,12.15,71.68,1,1,27.71,3.06,55.78
B0231,250,900,-80,544.9,0.898,2.34,3.88,10.23,91.87,1,5,35.18,2.87,77.76
B0232,600,650,-10,514.9,0.545,2.81,5.09,8.0,72.12,1,2,24.35,2.53,59.03
B0233,850,850,-30,528.1,0.85,1.69,4.48,13.52,112.72,3,4,28.58,3.37,94.72
B0234,0,150,-100,528.6,0.609,3.44,4.31,10.05,70.41,3,3,29.05,3.87,56.05
B0235,500,150,-60,397.4,0.55,3.42,3.8,11.79,105.05,3,9,26.86,4.3,89.46
B0236,150,750,-60,557.3,0.782,3.09,3.76,12.7,62.36,3,5,26.69,1.64,45.9
B0237,450,600,-20,358.7,0.884,2.73,3.6,12.0,84.55,3,8,29.74,2.79,68.95
B0238,100,100,-100,547.6,0.934,1.89,5.3,12.51,77.53,1,1,23.33,2.91,59.72
B0239,700,850,-100,543.3,1.107,4.29,3.6,12.28,72.43,2,6,29.84,2.75,56.55
B0240,950,150,-80,588.4,0.723,3.26,3.48,10.45,95.17,2,7,24.13,3.81,81.24
B0241,200,200,-50,501.9,0.682,2.49,3.99,9.07,94.56,2,4,30.26,2.83,81.5
B0242,750,900,-20,384.0,0.669,1.51,5.27,14.57,64.89,3,7,21.69,4.64,45.05
B0243,450,650,-10,486.9,0.718,2.44,4.28,13.6,87.8,1,6,25.52,3.27,69.92
B0244,750,850,-40,492.4,0.697,2.39,3.95,9.94,89.66,2,6,32.79,1.25,75.77
B0245,700,750,-10,575.2,1.007,3.02,3.61,9.36,88.93,2,3,22.9,2.89,75.96
B0246,950,200,-20,632.9,1.126,2.36,4.7,12.78,82.13,2,3,23.43,2.13,64.65
B0247,150,350,-90,605.9,0.864,0.79,4.96,10.39,71.68,3,2,28.7,3.67,56.33
B0248,600,900,-60,481.5,0.865,1.73,3.54,10.18,105.45,3,3,29.77,2.48,91.73
B0249,850,850,-100,447.2,0.787,3.28,3.86,11.24,88.41,2,7,33.7,1.93,73.31
B0250,800,200,-30,608.8,0.836,1.81,3.76,12.29,67.19,3,2,24.39,2.7,51.14
B0251,750,650,-80,429.1,1.002,1.68,3.83,12.92,111.75,3,5,20.23,2.25,95.0
B0252,500,450,-40,429.8,0.647,3.02,4.23,15.24,48.83,2,4,26.27,1.58,29.36
B0253,300,200,-100,558.5,0.716,2.62,3.69,14.37,66.46,3,4,31.8,1.58,48.4
B0254,50,600,-50,419.2,0.839,1.59,4.08,9.83,89.53,1,7,23.52,3.19,75.62
B0255,900,550,-20,462.6,0.587,3.3,3.75,10.51,79.09,1,1,24.58,2.25,64.83
B0256,700,850,-60,520.0,0.834,1.75,3.93,13.35,87.73,2,1,24.57,3.39,70.45
B0257,0,500,-40,551.7,0.585,2.79,4.28,12.11,78.61,3,7,32.03,0.9,62.22
B0258,950,0,-40,540.4,0.858,3.26,4.55,13.96,81.04,2,4,26.63,2.34,62.53
B0259,900,50,-30,476.5,0.809,2.36,4.33,10.02,67.98,3,1,27.93,3.64,53.63
B0260,800,50,-60,440.4,0.825,2.79,4.31,12.09,88.51,1,2,21.4,3.09,72.11
B0261,0,600,-70,383.1,0.849,1.23,6.03,12.89,70.44,3,4,33.22,3.01,51.52
B0262,250,400,-100,504.6,0.965,3.18,4.35,15.27,88.37,1,5,26.69,2.95,68.75
B0263,300,750,-30,471.9,0.739,2.43,5.05,11.45,97.43,3,7,21.41,1.49,80.93
B0264,650,750,-50,656.0,0.805,3.5,4.38,14.02,94.38,1,10,32.49,2.91,75.98
B0265,0,400,-100,432.0,0.705,1.35,3.84,11.11,82.71,2,2,33.54,3.36,67.76
B0266,700,300,-60,510.8,0.83,1.59,4.95,12.32,69.49,3,4,33.54,1.75,52.22
B0267,750,350,-10,431.1,0.823,2.64,4.88,10.51,72.06,2,5,31.74,1.62,56.67
B0268,200,450,-90,386.0,0.634,1.59,4.41,12.0,76.89,3,4,20.91,3.16,60.48
B0269,200,600,-50,514.0,0.955,2.44,4.5,10.68,104.78,2,10,29.9,2.66,89.6
B0270,900,500,-100,392.8,0.894,2.0,4.07,12.57,80.74,1,7,30.46,1.79,64.1
B0271,500,650,-70,510.1,0.986,2.26,4.66,10.04,58.74,2,2,28.54,3.98,44.04
B0272,0,200,-80,459.2,0.894,2.05,4.37,10.01,71.77,1,6,33.85,2.17,57.39
B0273,700,850,-50,418.3,0.958,1.5,4.22,9.08,99.51,2,10,24.19,3.1,86.21
B0274,900,750,-40,514.1,0.673,1.72,3.26,14.88,91.26,2,3,36.5,0.95,73.12
B0275,350,250,-60,538.9,0.762,2.77,5.29,15.62,100.57,1,4,25.39,2.72,79.66
B0276,450,550,-30,615.8,0.642,1.34,5.22,14.55,71.65,1,8,27.11,1.99,51.88
B0277,700,600,-80,392.8,0.935,2.93,4.06,14.46,84.45,3,6,25.14,2.98,65.93
B0278,900,50,-80,542.8,0.79,1.72,3.92,9.37,62.63,3,10,31.66,3.53,49.34
B0279,400,800,-90,406.4,0.757,3.32,4.12,10.28,78.17,3,7,30.39,3.5,63.77
B0280,350,950,-20,578.0,0.859,1.72,4.18,13.83,117.48,2,3,34.69,2.42,99.47
B0281,200,950,-70,517.8,0.825,3.22,4.72,10.81,86.92,3,9,17.11,3.09,71.39
B0282,600,150,-90,571.8,0.814,2.38,2.86,11.9,99.74,1,1,27.75,4.54,84.98
B0283,500,0,-40,479.0,1.1,2.59,4.38,9.43,76.43,3,1,30.55,2.42,62.62
B0284,500,850,-30,599.6,0.651,3.17,3.26,12.6,79.46,3,5,30.83,2.4,63.6
B0285,650,550,-80,418.7,0.688,2.77,3.35,16.65,92.71,1,4,25.93,1.65,72.71
B0286,0,250,-20,510.0,0.916,2.44,4.5,14.42,114.38,1,5,28.88,2.82,95.46
B0287,850,500,-70,564.2,0.75,2.2,4.2,12.38,77.1,3,1,30.35,2.11,60.52
B0288,600,400,-40,575.5,0.634,1.01,4.52,9.64,107.82,1,6,23.61,1.95,93.66
B0289,900,350,-20,414.1,0.425,3.69,3.49,9.38,111.66,1,4,23.43,1.0,98.79
B0290,150,800,-40,474.7,0.718,1.75,3.21,13.02,76.08,3,1,31.76,1.72,59.85
B0291,0,200,-60,436.6,0.847,3.08,4.44,10.64,77.94,3,5,28.05,1.8,62.86
B0292,750,150,-10,523.3,0.757,2.54,3.23,12.2,83.89,2,4,27.51,3.51,68.46
B0293,150,200,-100,538.9,0.817,1.12,3.12,9.09,77.55,2,2,31.13,2.34,65.34
B0294,300,700,-90,508.4,0.652,1.83,4.15,11.19,91.7,1,5,23.05,1.8,76.36
B0295,450,250,-40,449.5,0.935,2.8,3.26,11.15,57.44,2,2,20.16,3.87,43.03
B0296,50,200,-60,570.1,0.717,1.65,3.88,11.38,61.55,1,3,24.82,3.1,46.29
B0297,250,600,-20,440.5,0.996,1.72,3.86,15.33,96.32,1,6,25.41,1.77,77.13
B0298,400,900,-80,378.4,0.866,2.93,4.32,10.68,117.1,3,1,22.37,2.78,102.1
B0299,300,100,-20,449.3,0.898,2.49,4.36,11.3,100.71,2,7,32.31,3.5,85.05
B0300,300,350,-10,447.0,0.875,3.32,5.29,12.04,61.81,1,2,25.39,2.06,44.48
B0301,900,650,-50,450.4,0.778,2.25,3.43,11.86,70.24,2,8,31.41,2.66,54.95
B0302,300,700,-10,519.1,0.829,1.17,2.95,17.19,77.86,2,3,36.91,1.08,57.72
B0303,750,350,-10,432.3,0.783,1.75,2.83,12.28,61.54,1,9,30.13,2.92,46.43
B0304,850,350,-80,565.5,1.002,2.71,4.43,12.63,48.21,2,1,24.0,4.08,31.15
B0305,300,600,-100,509.6,0.595,2.09,4.54,9.64,93.17,3,4,29.58,3.53,78.99
B0306,750,200,-10,477.4,1.078,3.31,4.5,12.25,61.38,2,6,36.73,2.41,44.63
B0307,800,600,-20,539.5,0.681,1.65,4.95,12.28,78.49,3,7,34.79,1.89,61.26
B0308,0,550,-80,426.2,0.845,2.86,3.51,13.59,66.23,1,8,39.22,2.77,49.13
B0309,550,500,-90,500.4,0.778,2.06,3.9,12.34,97.55,2,7,25.97,3.79,81.31
B0310,50,700,-100,446.9,0.863,1.95,3.51,10.5,80.05,1,2,25.75,2.3,66.04
B0311,400,700,-70,481.4,0.875,1.93,2.57,13.81,74.26,1,5,31.22,2.55,57.88
B0312,900,500,-40,479.5,0.933,1.68,4.4,11.59,111.49,1,3,22.46,1.72,95.5
B0313,0,400,-80,446.1,0.733,2.07,4.57,13.51,83.5,1,8,28.58,1.97,65.42
B0314,550,800,-10,431.3,1.016,3.37,3.76,11.07,76.97,3,4,24.17,2.26,62.14
B0315,650,950,-50,495.6,0.971,4.88,3.82,9.39,84.78,2,9,22.79,2.24,71.57
B0316,600,100,-80,496.2,0.761,2.77,4.08,14.22,99.83,1,10,24.22,1.91,81.53
B0317,450,0,-20,594.8,1.112,2.58,4.37,13.27,96.06,3,7,30.27,1.95,78.42
B0318,0,650,-40,528.7,0.7,2.28,4.05,15.15,89.52,2,4,25.12,3.48,70.32
B0319,400,300,-50,320.1,0.922,1.77,3.91,13.0,76.89,2,5,29.39,2.95,59.98
B0320,700,900,-70,423.2,0.82,3.24,4.87,8.34,68.14,1,10,33.34,3.26,54.93
B0321,750,900,-70,497.6,0.686,2.5,4.3,11.69,109.08,2,8,31.39,3.13,93.09
B0322,550,0,-70,510.6,1.193,1.62,4.86,13.74,94.81,1,7,34.02,3.28,76.21
B0323,850,350,-60,473.2,0.85,4.0,4.63,13.1,98.81,3,8,30.92,3.14,81.08
B0324,150,950,-100,464.3,0.745,4.01,3.49,10.57,107.66,2,5,26.9,3.8,93.6
B0325,700,800,-40,499.1,0.835,3.0,5.14,8.4,90.97,1,1,36.98,4.26,77.43
B0326,750,300,-20,599.1,0.939,1.6,3.87,10.19,115.34,3,9,24.56,2.83,101.28
B0327,600,100,-50,580.3,0.658,1.82,4.28,11.17,67.15,1,4,25.91,3.43,51.7
B0328,900,750,-90,506.7,0.799,1.64,4.48,12.12,84.1,2,1,17.27,1.17,67.5
B0329,550,200,-40,524.4,0.898,4.01,3.75,15.17,76.58,3,9,27.49,2.4,57.66
B0330,450,400,-80,426.1,0.892,1.57,4.2,11.1,96.67,1,4,17.34,3.38,81.37
B0331,100,100,-50,436.4,0.829,2.02,4.82,10.01,49.81,3,3,24.68,0.94,34.98
B0332,600,550,-20,429.0,0.482,3.04,4.57,10.58,63.45,3,6,28.69,3.68,48.3
B0333,550,850,-10,492.6,0.724,2.38,3.72,14.81,64.72,3,6,33.75,1.14,46.19
B0334,450,550,-30,334.9,0.941,1.37,3.62,14.66,64.83,2,6,24.69,3.9,46.55
B0335,700,350,-50,496.2,0.992,2.96,4.05,15.03,75.67,2,2,32.8,4.15,56.59
B0336,800,50,-10,542.0,0.818,3.91,4.47,11.31,91.78,2,7,20.28,1.03,76.0
B0337,200,250,-60,571.1,0.744,1.87,4.47,9.7,75.41,2,5,24.19,3.03,61.24
B0338,150,700,-70,488.1,0.836,1.95,4.55,10.82,77.7,2,8,27.74,2.58,62.33
B0339,600,50,-30,365.1,0.963,3.4,4.4,15.35,89.03,3,5,30.27,3.4,69.28
B0340,650,500,-50,434.3,0.773,3.1,3.06,8.46,118.34,3,4,33.73,2.46,106.82
B0341,750,0,-30,543.5,1.255,1.62,3.8,14.45,84.3,2,5,26.48,2.42,66.05
B0342,100,600,-20,352.4,0.521,4.14,3.78,8.23,80.11,1,4,29.03,3.25,68.1
B0343,300,500,-70,488.5,0.946,1.78,5.16,9.24,93.25,1,4,28.63,3.49,78.85
B0344,750,700,-10,498.5,0.737,2.93,5.23,11.6,97.98,2,9,24.28,1.31,81.15
B0345,200,550,-90,574.4,0.591,1.42,3.95,11.97,74.27,2,5,34.19,3.37,58.35
B0346,500,850,-40,477.9,0.862,3.15,4.97,9.93,64.98,3,6,33.34,3.09,50.08
B0347,300,550,-30,465.5,0.792,1.69,4.09,12.09,78.94,3,9,22.27,2.35,62.76
B0348,550,800,-70,313.3,0.742,2.11,4.34,8.0,113.93,2,10,30.76,1.28,101.59
B0349,450,950,-90,552.0,0.714,1.87,4.26,11.9,69.7,2,5,33.97,2.18,53.54
B0350,650,900,-20,403.1,0.783,1.06,5.43,10.3,95.62,1,4,31.35,2.82,79.89
B0351,900,250,-80,415.3,0.847,1.66,4.5,10.46,103.7,1,8,22.44,0.82,88.74
B0352,450,150,-80,517.8,0.884,2.32,3.98,10.99,98.4,3,3,22.43,3.2,83.43
B0353,750,750,-20,375.1,1.063,1.46,5.6,12.23,83.87,1,10,23.08,2.33,66.04
B0354,150,650,-30,590.0,1.014,1.1,4.15,14.62,60.28,3,9,28.27,4.1,41.51
B0355,250,50,-70,588.6,0.799,2.52,4.42,11.53,83.68,1,5,19.11,2.75,67.73
B0356,250,450,-10,448.7,0.545,4.25,3.95,13.51,59.44,2,5,33.41,1.48,41.98
B0357,900,500,-70,493.1,0.697,2.82,3.79,8.91,76.64,1,9,28.68,3.19,63.94
B0358,850,450,-100,347.7,1.222,3.26,4.22,11.54,83.14,3,2,15.0,2.65,67.38
B0359,100,750,-100,439.9,1.119,2.54,4.25,14.47,83.71,1,1,38.95,2.45,64.99
B0360,350,550,-20,560.1,0.871,2.59,4.4,11.95,79.21,3,1,21.18,4.01,62.86
B0361,800,350,-100,572.9,0.752,2.4,2.5,10.29,63.18,3,1,35.05,1.75,50.39
B0362,100,50,-90,445.2,0.654,2.32,3.97,11.99,81.19,3,8,30.3,3.44,65.23
B0363,250,500,-40,468.3,0.764,1.61,4.12,10.41,82.38,3,5,33.73,2.5,67.85
B0364,600,250,-90,480.3,0.846,2.76,4.3,14.7,91.74,2,2,22.52,2.86,72.74
B0365,950,200,-70,322.9,0.658,1.63,4.63,11.98,81.16,1,10,29.76,3.31,64.55
B0366,750,100,-10,464.3,0.553,2.0,2.87,10.14,72.91,1,7,30.01,1.25,59.9
B0367,600,550,-90,501.3,0.636,0.88,4.06,12.22,96.45,1,8,34.1,2.67,80.17
B0368,500,550,-80,633.2,1.079,2.42,4.39,15.41,100.63,2,5,22.32,2.67,80.83
B0369,350,50,-50,603.4,0.784,1.5,5.4,11.37,89.7,1,5,28.49,2.24,72.93
B0370,150,450,-40,604.0,0.861,2.65,4.31,11.95,79.78,2,4,32.23,1.82,63.52
B0371,950,400,-90,617.7,0.869,2.58,4.9,10.07,95.0,3,7,22.55,2.69,80.03
B0372,500,350,-20,578.5,0.858,2.08,3.35,13.54,92.96,3,8,21.42,3.22,76.07
B0373,600,700,-90,454.0,0.601,1.14,4.26,12.02,77.37,2,9,21.57,3.79,61.09
B0374,650,400,-70,446.0,1.093,2.74,4.5,10.56,88.82,2,6,25.46,3.35,73.76
B0375,900,250,-60,491.6,0.863,3.66,3.74,13.56,72.41,2,2,25.24,2.3,55.11
B0376,50,550,-30,402.3,0.734,3.16,4.7,11.39,90.02,2,2,30.79,3.34,73.93
B0377,900,550,-70,623.5,0.786,3.06,3.51,14.64,71.86,1,3,29.15,2.11,53.71
B0378,750,650,-100,483.7,0.722,2.04,3.28,8.0,75.34,1,5,27.94,1.15,64.06
B0379,450,850,-40,544.2,0.714,2.78,4.5,11.95,87.55,3,8,24.61,3.68,71.1
B0380,500,800,-20,602.8,0.879,1.17,5.13,11.28,94.37,3,8,28.23,1.5,77.96
B0381,800,350,-60,576.4,0.236,1.58,4.73,10.78,81.95,2,9,30.97,1.84,66.44
B0382,900,200,-90,471.3,0.706,3.3,4.23,15.02,87.48,1,1,19.57,2.53,68.23
B0383,800,400,-20,331.1,0.634,1.59,3.99,12.5,61.7,2,5,24.92,2.39,45.21
B0384,650,300,-80,538.4,0.843,2.51,3.97,12.02,95.9,2,8,30.09,0.9,79.91
B0385,700,950,-90,537.0,0.51,2.46,4.36,15.2,81.03,3,10,29.34,2.05,61.47
B0386,250,200,-70,552.2,0.533,1.15,3.27,12.23,43.64,1,3,29.92,3.18,28.14
B0387,450,900,-70,455.6,0.712,2.85,3.71,11.28,102.24,3,3,24.79,2.83,87.25
B0388,300,450,-10,388.3,0.908,3.55,4.97,12.86,89.41,2,6,28.41,2.96,71.58
B0389,850,150,-60,428.1,1.121,4.14,4.61,8.0,96.97,3,4,28.36,0.83,84.36
B0390,150,100,-100,553.4,0.963,3.11,4.2,13.1,81.85,3,8,30.34,1.33,64.55
B0391,750,150,-10,575.5,0.841,2.8,4.53,11.08,90.56,3,7,28.53,2.95,74.95
B0392,500,950,-100,595.5,1.038,2.72,4.32,9.04,92.16,1,1,26.32,4.17,78.8
B0393,500,650,-10,543.7,0.858,2.93,5.28,12.03,74.48,3,8,24.6,2.38,57.17
B0394,350,350,-40,439.3,1.072,2.72,3.5,12.5,62.44,2,5,23.96,2.67,46.44
B0395,350,200,-60,518.3,0.821,4.27,3.86,15.49,67.61,1,6,20.01,2.71,48.26
B0396,600,200,-10,428.3,1.2,3.08,4.32,10.09,68.69,2,7,26.54,3.22,54.28
B0397,300,500,-50,471.5,0.538,3.2,4.76,12.33,87.63,1,5,19.7,1.75,70.54
B0398,500,250,-40,546.8,0.905,2.45,4.97,12.81,83.2,1,9,26.59,4.12,65.42
B0399,250,200,-100,438.0,0.601,0.77,5.13,12.43,58.23,1,8,17.74,3.66,40.67
B0400,400,0,-60,496.3,0.907,0.5,3.75,12.32,119.9,3,7,33.01,3.12,103.83
B0401,200,650,-30,621.0,0.897,1.92,3.53,12.45,75.16,1,8,32.35,2.13,59.18
B0402,900,800,-80,697.8,0.975,3.29,4.09,9.44,70.83,3,3,28.66,2.95,57.3
B0403,850,50,-90,564.6,0.921,2.96,4.91,13.68,62.12,2,4,17.88,2.91,43.53
B0404,450,100,-90,382.8,0.954,2.42,4.18,14.02,87.75,1,2,27.13,1.9,69.55
B0405,900,250,-70,545.2,0.951,2.93,4.03,11.05,76.95,1,1,29.02,1.64,61.87
B0406,150,850,-40,477.5,0.797,2.95,4.51,11.52,76.14,1,3,22.93,2.86,60.11
B0407,800,550,-90,461.2,0.805,3.93,3.97,10.68,84.99,1,8,18.02,2.34,70.34
B0408,50,250,-50,439.5,1.225,2.05,4.33,8.25,59.22,2,8,37.42,3.37,46.64
B0409,200,50,-40,415.3,0.738,1.76,4.2,12.91,85.51,3,1,27.43,1.47,68.4
B0410,250,850,-20,549.8,0.733,2.78,4.23,11.6,77.42,2,8,29.7,2.73,61.59
B0411,250,600,-40,566.6,1.011,2.82,3.91,13.14,93.68,3,3,27.9,3.54,76.63
B0412,100,750,-100,560.2,0.821,2.52,4.16,12.45,85.65,3,7,33.46,2.92,69.04
B0413,150,600,-30,440.3,1.057,2.68,4.11,9.9,72.4,1,1,29.55,3.57,58.39
B0414,700,800,-80,464.3,0.7,3.89,3.74,11.15,86.23,2,4,30.8,3.44,71.34
B0415,400,150,-40,669.7,0.946,2.54,3.64,12.43,70.45,3,3,27.88,2.46,54.38
B0416,0,250,-50,419.7,0.689,2.22,3.33,9.05,90.76,3,2,26.32,2.19,78.38
B0417,750,650,-80,506.3,0.941,2.12,4.71,14.81,100.67,1,10,26.11,3.46,81.15
B0418,350,900,-90,423.2,0.762,1.54,4.88,12.65,84.82,2,10,22.44,2.88,67.29
B0419,150,600,-70,495.5,0.862,1.88,4.57,10.22,90.14,1,5,28.09,2.8,75.35
B0420,150,500,-100,429.1,0.739,3.63,4.45,10.48,64.49,3,4,30.0,3.2,49.56
B0421,500,700,-10,476.5,0.807,2.44,5.85,10.94,66.17,1,1,30.74,2.45,49.38
B0422,850,750,-10,562.8,0.984,2.11,3.94,11.6,56.6,2,9,26.51,1.96,41.06
B0423,850,0,-40,452.0,0.95,3.24,4.16,10.36,64.65,1,7,33.48,3.91,50.13
B0424,550,800,-80,552.3,0.877,2.27,4.21,12.54,87.48,2,6,21.23,2.63,70.73
B0425,200,750,-90,398.7,1.186,3.53,4.23,12.14,108.51,3,7,33.75,1.67,92.14
B0426,300,200,-60,546.2,0.944,2.96,3.07,14.2,81.21,3,10,23.4,2.94,63.94
B0427,700,750,-40,392.8,0.731,1.57,4.76,8.83,71.71,2,1,24.67,2.73,58.12
B0428,800,650,-100,463.8,0.786,3.22,3.93,13.76,73.28,1,6,18.4,2.24,55.59
B0429,750,150,-100,522.3,0.834,2.66,3.88,14.0,64.15,2,1,22.33,2.92,46.27
B0430,400,500,-10,572.2,1.036,2.34,4.41,16.34,88.4,2,8,29.15,2.45,67.65
B0431,600,100,-30,475.6,1.0,2.62,4.01,15.26,103.78,3,4,29.53,1.86,84.51
B0432,150,900,-60,484.9,0.747,2.52,4.06,10.82,87.43,1,6,33.51,1.75,72.55
B0433,500,50,-30,422.1,0.966,1.37,3.6,11.86,126.8,2,2,34.89,1.58,111.34
B0434,650,600,-80,545.9,0.785,2.29,3.47,18.0,95.16,2,10,23.79,3.45,73.69
B0435,700,600,-90,605.0,0.68,2.2,4.59,9.21,67.12,1,2,27.66,3.15,53.32
B0436,350,400,-40,403.2,0.935,1.22,4.4,14.67,87.59,3,2,17.71,3.13,68.52
B0437,250,300,-50,446.9,0.648,2.23,5.2,12.92,72.48,3,6,23.98,2.96,54.36
B0438,150,550,-70,509.0,0.861,2.43,3.25,12.54,74.97,1,3,28.14,1.55,59.18
B0439,450,750,-40,644.7,0.923,4.72,4.13,12.89,83.64,3,9,16.11,1.35,66.62
B0440,950,850,-20,551.7,0.755,1.27,4.01,10.46,114.37,3,3,20.54,1.49,99.9
B0441,450,750,-20,430.3,0.744,2.28,3.93,12.69,63.29,1,3,28.72,2.99,46.67
B0442,950,200,-80,415.8,0.81,2.02,4.53,10.07,81.57,1,3,23.68,1.57,66.97
B0443,300,550,-100,529.0,1.138,1.75,4.2,12.88,77.85,3,7,24.72,3.19,60.77
B0444,200,0,-70,450.1,0.717,3.75,4.69,10.63,94.06,3,1,30.81,3.22,78.74
B0445,300,450,-10,416.7,0.905,3.93,3.51,13.0,87.04,2,3,26.03,2.96,70.53
B0446,700,400,-100,395.1,0.741,1.91,3.99,11.0,85.34,3,8,23.41,2.34,70.35
B0447,800,850,-40,585.5,0.963,3.32,3.48,12.42,92.68,2,3,33.45,3.19,76.78
B0448,850,150,-90,439.3,0.638,3.02,3.67,10.0,86.59,1,8,39.9,2.37,72.92
B0449,950,0,-30,328.7,0.83,2.79,3.43,9.04,83.93,2,1,30.7,3.6,71.46
B0450,50,950,-60,399.4,0.587,2.41,4.69,9.73,67.17,3,4,29.25,3.16,52.75
B0451,600,600,-10,481.1,0.571,3.41,3.98,9.77,86.81,2,2,35.63,1.78,73.06
B0452,850,200,-100,532.0,0.799,3.29,4.3,14.61,62.18,3,8,21.49,1.82,43.27
B0453,350,850,-90,541.9,0.777,2.89,2.93,12.26,68.32,3,8,33.65,2.07,53.13
B0454,500,250,-70,504.3,0.705,1.26,4.59,10.8,73.53,3,5,32.96,2.29,58.14
B0455,550,950,-80,569.2,0.633,3.08,4.17,10.07,81.0,1,3,21.84,1.74,66.76
B0456,800,200,-60,592.6,0.761,3.87,4.28,10.24,110.91,2,10,29.13,3.1,96.39
B0457,150,550,-70,562.7,0.749,2.64,4.9,15.31,46.7,2,2,26.05,2.97,26.49
B0458,950,550,-90,629.8,1.039,2.06,4.37,14.99,92.21,2,7,23.85,2.29,72.85
B0459,150,600,-20,560.0,1.082,3.24,3.25,11.76,102.47,2,7,15.93,3.46,87.46
B0460,800,200,-40,311.3,0.778,3.34,4.5,14.2,107.25,3,5,31.41,2.51,88.55
B0461,450,950,-60,563.9,0.858,2.08,4.75,15.57,81.09,2,5,23.04,1.37,60.77
B0462,750,800,-70,498.6,0.893,2.89,3.22,9.34,84.88,2,6,27.59,1.75,72.32
B0463,700,150,-10,529.4,0.766,3.21,4.23,12.71,97.29,1,6,29.94,2.72,80.35
B0464,50,300,-60,526.4,0.714,1.61,3.36,11.35,75.63,1,7,30.04,3.6,60.92
B0465,650,150,-90,591.1,0.862,3.16,4.77,10.54,62.04,2,10,31.65,2.79,46.73
B0466,800,650,-30,454.8,0.833,2.3,4.31,13.1,112.92,1,10,26.32,1.75,95.51
B0467,350,700,-90,473.4,0.658,2.75,4.12,12.84,63.79,1,5,33.41,2.02,46.83
B0468,350,900,-30,480.2,0.952,2.47,3.99,11.06,113.49,1,5,21.39,2.82,98.44
B0469,650,800,-60,550.5,1.052,2.76,3.71,12.82,64.02,3,3,35.86,1.72,47.49
B0470,200,850,-70,582.1,0.952,3.03,3.87,11.61,83.57,1,4,32.54,3.93,68.09
B0471,950,0,-40,432.1,1.147,2.74,3.91,13.46,79.58,1,2,19.39,3.44,62.21
B0472,450,400,-100,608.2,1.089,2.26,4.44,12.8,73.78,2,2,31.57,2.56,56.54
B0473,850,750,-40,598.3,0.943,1.97,4.2,14.14,89.86,2,10,23.61,3.22,71.52
B0474,0,950,-10,469.5,0.51,3.52,4.06,16.02,95.51,3,1,21.93,2.61,75.43
B0475,50,250,-60,455.4,0.77,2.01,2.77,9.53,72.03,1,1,36.67,2.24,59.73
B0476,300,800,-50,588.3,1.023,1.84,5.05,14.46,66.36,2,7,23.53,2.61,46.85
B0477,250,650,-60,499.0,0.908,1.26,4.8,10.89,104.47,3,9,21.16,0.75,88.78
B0478,300,850,-40,412.5,0.953,3.1,3.71,10.53,73.54,2,10,22.84,2.94,59.3
B0479,700,150,-100,481.8,0.569,2.32,4.14,14.99,66.76,2,4,20.98,2.18,47.63
B0480,450,250,-90,373.2,0.947,2.64,4.31,11.19,79.67,1,9,21.84,3.72,64.17
B0481,650,900,-50,439.3,0.857,3.04,4.93,8.0,88.28,2,4,42.29,2.94,75.35
B0482,100,550,-40,598.7,0.947,2.46,4.93,8.33,96.7,1,9,29.57,2.67,83.44
B0483,100,700,-30,652.6,0.926,1.79,4.13,12.82,61.97,1,9,21.63,1.58,45.02
B0484,400,200,-70,488.8,1.116,2.16,3.4,11.22,82.17,2,7,35.36,2.18,67.55
B0485,350,750,-80,490.0,0.912,1.22,4.47,11.46,101.19,3,7,22.54,2.68,85.26
B0486,300,450,-20,564.8,0.905,3.77,5.25,11.8,62.04,2,9,25.27,3.38,44.99
B0487,650,600,-90,610.8,0.548,2.46,3.77,9.73,66.61,3,7,27.62,2.85,53.11
B0488,150,450,-10,426.1,0.997,1.92,4.22,14.48,86.17,2,7,31.22,2.61,67.47
B0489,950,200,-100,444.0,0.906,3.28,4.26,14.46,76.41,1,3,29.01,2.53,57.69
B0490,850,800,-50,568.9,0.732,1.12,3.81,16.4,91.52,3,7,26.09,3.67,71.31
B0491,700,900,-80,469.1,0.65,3.58,3.15,10.39,90.36,2,5,32.1,3.4,76.82
B0492,250,950,-40,475.2,0.763,1.98,3.48,11.17,55.47,2,2,32.34,3.08,40.82
B0493,250,800,-30,320.7,1.072,3.36,4.49,10.63,72.19,1,7,19.34,2.99,57.07
B0494,50,0,-90,552.1,1.246,2.5,4.18,11.66,86.42,2,1,30.51,2.77,70.58
B0495,700,950,-40,482.3,0.764,0.81,4.17,14.07,68.38,1,5,22.04,2.91,50.14
B0496,950,950,-10,615.2,0.651,1.63,3.55,10.41,91.52,3,7,25.12,1.18,77.56
B0497,250,300,-60,455.3,1.002,2.4,4.26,11.32,71.17,2,7,30.92,2.28,55.59
B0498,500,250,-60,573.4,0.757,2.55,4.36,13.58,75.51,2,5,28.02,3.09,57.57
B0499,750,0,-60,518.6,0.989,2.32,3.87,9.98,95.48,1,7,30.96,2.35,81.63
